"IPAddress","ScopeId","AddressState","ClientId","Description","Name","Type","PSComputerName"
"10.21.1.3","10.21.0.0","ActiveReservation","64-70-02-b5-0f-8a","","DDK VoIP box","Dhcp",
"10.21.1.2","10.21.0.0","ActiveReservation","58-9e-c6-00-01-c0","","DDKDect.atlascollege.nl","Dhcp",
"10.21.5.100","10.21.0.0","ActiveReservation","00-0c-29-e2-58-39","sysop-ddk","sysop-ddk.atlas.atlascollege.nl","Dhcp",
"10.21.1.4","10.21.0.0","ActiveReservation","cc-40-d0-a3-46-18","","iptivity.atlascollege.nl","Dhcp",
"10.21.1.12","10.21.0.0","ActiveReservation","f4-a9-97-af-8f-c5","DDK-Canon-003","DDK-Canon-003.atlascollege.nl","Both",
"10.21.1.20","10.21.0.0","ActiveReservation","60-12-8b-d1-79-35","DDK-Canon-115","DDK-Canon-115.atlascollege.nl","Both",
"10.21.1.13","10.21.0.0","ActiveReservation","60-12-8b-d3-0c-d9","DDK-Canon-106","DDK-Canon-106.atlascollege.nl","Both",
"10.21.1.10","10.21.0.0","ActiveReservation","60-12-8b-d0-84-47","60128BD08447","DDK-Canon-113.atlascollege.nl","Both",
"10.21.1.29","10.21.0.0","ActiveReservation","50-9a-4c-76-6c-25","ESXi-DDK","ESXi-DDK","Dhcp",
"10.21.6.1","10.21.0.0","ActiveReservation","18-4b-0d-32-2f-d0","2AP01","2AP01","Dhcp",
"10.21.6.2","10.21.0.0","ActiveReservation","18-4b-0d-32-2f-10","2AP02","2AP02","Dhcp",
"10.21.6.3","10.21.0.0","ActiveReservation","18-4b-0d-32-33-d0","2AP03","2AP03","Dhcp",
"10.21.6.4","10.21.0.0","ActiveReservation","18-4b-0d-32-2f-50","2AP04","2AP04","Dhcp",
"10.21.6.5","10.21.0.0","ActiveReservation","d8-38-fc-28-e3-c0","2AP05","2AP05","Dhcp",
"10.21.6.6","10.21.0.0","ActiveReservation","d8-38-fc-09-75-a0","2AP06","2AP06","Dhcp",
"10.21.6.7","10.21.0.0","ActiveReservation","d8-38-fc-28-c8-e0","2AP07","2AP07","Dhcp",
"10.21.6.8","10.21.0.0","ActiveReservation","d8-38-fc-28-e0-50","2AP08","2AP08","Dhcp",
"10.21.6.9","10.21.0.0","ActiveReservation","18-4b-0d-31-f2-50","2AP09","2AP09","Dhcp",
"10.21.6.10","10.21.0.0","ActiveReservation","d8-38-fc-28-9a-e0","2AP10","2AP10","Dhcp",
"10.21.6.11","10.21.0.0","ActiveReservation","d8-38-fc-27-8e-c0","2AP11","2AP11","Dhcp",
"10.21.6.12","10.21.0.0","ActiveReservation","18-4b-0d-32-11-b0","2AP12","2AP12","Dhcp",
"10.21.6.13","10.21.0.0","ActiveReservation","18-4b-0d-32-28-f0","2AP13","2AP13","Dhcp",
"10.21.6.14","10.21.0.0","ActiveReservation","18-4b-0d-32-32-70","2AP14","2AP14","Dhcp",
"10.21.6.15","10.21.0.0","ActiveReservation","18-4b-0d-32-32-10","2AP15","2AP15","Dhcp",
"10.21.6.16","10.21.0.0","ActiveReservation","18-4b-0d-32-2f-40","2AP16","2AP16","Dhcp",
"10.21.6.17","10.21.0.0","ActiveReservation","18-4b-0d-31-f8-b0","2AP17","2AP17","Dhcp",
"10.21.6.18","10.21.0.0","ActiveReservation","18-4b-0d-32-2f-f0","2AP18","2AP18","Dhcp",
"10.21.6.19","10.21.0.0","ActiveReservation","18-4b-0d-32-31-e0","2AP19","2AP19","Dhcp",
"10.21.6.20","10.21.0.0","ActiveReservation","ec-8c-a2-32-98-80","2AP20","2AP20","Dhcp",
"10.21.6.21","10.21.0.0","ActiveReservation","18-4b-0d-32-31-f0","2AP21","2AP21","Dhcp",
"10.21.6.22","10.21.0.0","ActiveReservation","ec-8c-a2-12-4f-a0","2AP22","2AP22","Dhcp",
"10.21.6.23","10.21.0.0","ActiveReservation","b4-79-c8-2e-67-50","2AP23","2AP23","Both",
"10.21.6.24","10.21.0.0","ActiveReservation","b4-79-c8-2e-69-20","2AP24","2AP24","Both",
"10.21.6.25","10.21.0.0","ActiveReservation","b4-79-c8-2e-68-60","2AP25","2AP25","Both",
"10.22.1.79","10.22.0.0","ActiveReservation","00-11-e5-04-0f-24","","DDK-Dymo-admin.atlascollege.nl","Dhcp",
"10.26.1.8","10.26.0.0","InactiveReservation","00-1b-29-00-7b-b7","ddk-alarm-vdlaan","TCD_05-001513-9.atlascollege.nl","Dhcp",
"10.26.1.113","10.26.0.0","ActiveReservation","00-03-22-52-b9-14","Camera-Nooduitgang","Camera-Nooduitgang","Dhcp",
"10.41.1.1","10.41.0.0","ActiveReservation","60-12-8b-d0-75-a4","NWT-Canon-DS0","NWT-CANON-DS0.atlascollege.nl","Both",
"10.41.1.2","10.41.0.0","ActiveReservation","60-12-8b-d3-0b-e8","NWT-Canon-DS2","CanonD30BE8.atlascollege.nl","Both",
"10.41.1.3","10.41.0.0","ActiveReservation","60-12-8b-d3-69-f5","NWT-Canon-DS3","NWT-Canon-DS3.atlascollege.nl","Both",
"10.41.1.4","10.41.0.0","ActiveReservation","60-12-8b-d3-0b-ea","NWT-Canon-DS4","NWT-Canon-DS4.atlascollege.nl","Both",
"10.41.1.5","10.41.0.0","ActiveReservation","60-12-8b-d2-32-a2","NWT-Canon-T04","NWT-Canon-T04.atlascollege.nl","Both",
"10.41.1.6","10.41.0.0","ActiveReservation","60-12-8b-d0-84-49","NWT-Canon-T02","NWT-Canon-T02.atlascollege.nl","Both",
"10.41.1.13","10.41.0.0","ActiveReservation","50-9a-4c-76-6c-61","ESXi-NWT","ESXi-NWT","Dhcp",
"10.41.6.1","10.41.0.0","ActiveReservation","b4-79-c8-2e-54-40","4AP01","4AP01","Dhcp",
"10.41.6.2","10.41.0.0","ActiveReservation","b4-79-c8-2e-59-f0","4AP02","4AP02","Dhcp",
"10.41.6.3","10.41.0.0","ActiveReservation","b4-79-c8-2e-50-e0","4AP03","4AP03","Dhcp",
"10.41.6.4","10.41.0.0","ActiveReservation","b4-79-c8-2e-55-40","4AP04","4AP04","Dhcp",
"10.41.6.5","10.41.0.0","ActiveReservation","b4-79-c8-2e-5a-00","4AP05","4AP05","Dhcp",
"10.41.6.6","10.41.0.0","ActiveReservation","b4-79-c8-2e-5a-50","4AP06","4AP06","Dhcp",
"10.41.6.7","10.41.0.0","ActiveReservation","b4-79-c8-2e-54-90","4AP07","4AP07","Dhcp",
"10.41.6.8","10.41.0.0","ActiveReservation","b4-79-c8-2e-5a-30","4AP08","4AP08","Dhcp",
"10.41.6.9","10.41.0.0","ActiveReservation","b4-79-c8-2e-55-80","4AP09","4AP09","Dhcp",
"10.41.6.10","10.41.0.0","ActiveReservation","b4-79-c8-2e-55-b0","4AP10","4AP10","Dhcp",
"10.41.6.11","10.41.0.0","ActiveReservation","b4-79-c8-2e-5a-e0","4AP11","4AP11","Dhcp",
"10.41.6.12","10.41.0.0","ActiveReservation","b4-79-c8-2e-55-30","4AP12","4AP12","Dhcp",
"10.41.6.13","10.41.0.0","ActiveReservation","b4-79-c8-2e-5b-d0","4AP13","4AP13","Dhcp",
"10.41.6.14","10.41.0.0","ActiveReservation","b4-79-c8-2e-5f-60","4AP14","4AP14","Dhcp",
"10.41.6.15","10.41.0.0","ActiveReservation","b4-79-c8-2e-5b-70","4AP15","4AP15","Dhcp",
"10.41.6.16","10.41.0.0","ActiveReservation","b4-79-c8-2e-56-50","4AP16","4AP16","Dhcp",
"10.41.6.17","10.41.0.0","ActiveReservation","b4-79-c8-2e-60-00","4AP17","4AP17","Dhcp",
"10.41.6.18","10.41.0.0","ActiveReservation","b4-79-c8-2e-54-a0","4AP18","4AP18","Dhcp",
"10.41.6.19","10.41.0.0","ActiveReservation","b4-79-c8-2e-59-e0","4AP19","4AP19","Dhcp",
"10.41.6.20","10.41.0.0","ActiveReservation","b4-79-c8-2e-5a-60","4AP20","4AP20","Dhcp",
"10.41.6.21","10.41.0.0","ActiveReservation","b4-79-c8-2e-60-a0","4AP21","4AP21","Dhcp",
"10.41.6.22","10.41.0.0","ActiveReservation","b4-79-c8-2d-d1-50","4AP22","4AP22","Dhcp",
"10.41.6.23","10.41.0.0","ActiveReservation","b4-79-c8-2d-d1-00","4AP23","4AP23","Dhcp",
"10.41.6.24","10.41.0.0","ActiveReservation","b4-79-c8-2e-12-40","4AP24","4AP24","Dhcp",
"10.41.6.25","10.41.0.0","ActiveReservation","b4-79-c8-2e-62-60","4AP25","4AP25","Dhcp",
"10.41.6.26","10.41.0.0","ActiveReservation","b4-79-c8-2e-11-30","4AP26","4AP26","Dhcp",
"10.41.6.27","10.41.0.0","ActiveReservation","b4-79-c8-2e-5a-b0","4AP27","4AP27","Dhcp",
"10.41.6.28","10.41.0.0","ActiveReservation","b4-79-c8-2d-95-00","4AP28","4AP28","Dhcp",
"10.41.6.29","10.41.0.0","ActiveReservation","b4-79-c8-2e-56-60","4AP29","4AP29","Dhcp",
"10.41.6.30","10.41.0.0","ActiveReservation","b4-79-c8-2e-5b-00","4AP30","4AP30","Dhcp",
"10.41.6.31","10.41.0.0","ActiveReservation","b4-79-c8-2e-5e-e0","4AP31","4AP31","Dhcp",
"10.41.6.32","10.41.0.0","ActiveReservation","b4-79-c8-2e-56-a0","4AP32","4AP32","Dhcp",
"10.41.6.33","10.41.0.0","ActiveReservation","b4-79-c8-2e-11-f0","4AP33","4AP33","Dhcp",
"10.41.6.34","10.41.0.0","ActiveReservation","b4-79-c8-2e-54-80","4AP34","4AP34","Dhcp",
"10.41.6.35","10.41.0.0","ActiveReservation","b4-79-c8-2e-51-a0","4AP35","4AP35","Dhcp",
"10.41.6.36","10.41.0.0","ActiveReservation","b4-79-c8-2e-11-d0","4AP36","4AP36","Dhcp",
"10.41.6.37","10.41.0.0","ActiveReservation","b4-79-c8-2e-5f-80","4AP37","4AP37","Dhcp",
"10.41.6.38","10.41.0.0","ActiveReservation","b4-79-c8-2e-54-b0","4AP38","4AP38","Dhcp",
"10.41.6.39","10.41.0.0","ActiveReservation","b4-79-c8-2e-5b-60","4AP39","4AP39","Dhcp",
"10.41.6.40","10.41.0.0","ActiveReservation","b4-79-c8-2e-54-10","4AP40","4AP40","Dhcp",
"10.41.6.41","10.41.0.0","ActiveReservation","b4-79-c8-2e-56-40","4AP41","4AP41","Dhcp",
"10.41.6.42","10.41.0.0","ActiveReservation","b4-79-c8-2e-12-50","4AP42","4AP42","Dhcp",
"10.41.6.43","10.41.0.0","ActiveReservation","b4-79-c8-2e-5e-90","4AP43","4AP43","Dhcp",
"10.41.6.44","10.41.0.0","ActiveReservation","b4-79-c8-2e-5a-10","4AP44","4AP44","Dhcp",
"10.41.6.45","10.41.0.0","ActiveReservation","b4-79-c8-2e-59-90","4AP45","4AP45","Dhcp",
"10.41.6.46","10.41.0.0","ActiveReservation","b4-79-c8-2e-59-00","4AP46","4AP46","Dhcp",
"10.41.5.100","10.41.0.0","ActiveReservation","00-0c-29-e2-58-39","","sysop-nwt.atlas.atlascollege.nl","Both",
"10.41.1.10","10.41.0.0","ActiveReservation","00-19-b9-bc-d6-c9","PAN Ethernet","pan.atlascollege.nl","Dhcp",
"10.41.1.11","10.41.0.0","ActiveReservation","00-19-b9-bd-16-1f","drac-pan","drac-pan.atlascollege.nl","Dhcp",
"10.41.1.12","10.41.0.0","ActiveReservation","18-a6-f7-b0-76-43","","VoIP box NWT","Dhcp",
"10.41.6.47","10.41.0.0","ActiveReservation","c8-03-f5-10-86-a0","4AP47 Gymzaal Nood","4AP47 Gymzaal Nood","Dhcp",
"10.41.1.100","10.41.0.0","ActiveReservation","00-11-32-4f-b8-9d","","conditor.atlascollege.nl","Dhcp",
"10.41.1.7","10.41.0.0","ActiveReservation","00-21-b7-c1-e4-e6","examenprinter","nwt-dell-102.atlascollege.nl","Dhcp",
"10.41.6.48","10.41.0.0","ActiveReservation","54-ec-2f-16-ad-20","4ap48, zaal 3","4ap48","Dhcp",
"10.42.1.189","10.42.0.0","ActiveReservation","00-21-b7-81-28-18","","nwt-dell-203.atlascollege.nl","Dhcp",
"10.42.1.203","10.42.0.0","ActiveReservation","00-21-b7-36-38-31","","nwt-dell-306.atlascollege.nl","Dhcp",
"10.44.6.254","10.44.0.0","ActiveReservation","00-0c-29-80-41-5c","","fao.fao-facet.onl","Dhcp",
"10.46.5.2","10.46.0.0","InactiveReservation","00-04-63-6f-de-3d","of 0004636fde3e of 0004636fde3f","BrandMelder Newton (Bosch FRMS)","Dhcp",
"10.46.5.3","10.46.0.0","ActiveReservation","54-ee-75-4e-f5-21","Streaming NWT","BluePostMedia-02.atlascollege.nl","Dhcp",
"10.46.1.42","10.46.0.0","ActiveReservation","00-1b-9c-08-98-be","gbs-nwt-alarm","gbs-nwt-alarm","Dhcp",
"10.46.1.47","10.46.0.0","ActiveReservation","a0-8c-fd-31-16-ed","GBS-NWT","minint-epp68fg.atlascollege.nl","Dhcp",
"10.46.5.1","10.46.0.0","InactiveReservation","11-22-33-44-55-66","Priva NWT (moet vast ingesteld worden)","Priva NWT (moet vast ingesteld worden)","Both",
"10.51.1.15","10.51.0.0","ActiveReservation","60-12-8b-d3-0c-d7","","CSG-Canon-230.atlascollege.nl","Both",
"10.51.1.14","10.51.0.0","ActiveReservation","60-12-8b-d0-e4-69","","CSG-Canon-140.atlascollege.nl","Both",
"10.51.1.12","10.51.0.0","ActiveReservation","60-12-8b-d3-0b-e1","","CSG-Canon-040.atlascollege.nl","Both",
"10.51.1.10","10.51.0.0","ActiveReservation","60-12-8b-d2-32-9a","","CSG-Canon-cong.atlascollege.nl","Both",
"10.51.1.64","10.51.0.0","ActiveReservation","50-9a-4c-76-6b-bd","ESXi-CSG","ESXi-CSG.atlascollege.nl","Dhcp",
"10.51.6.1","10.51.0.0","ActiveReservation","b4-79-c8-2e-51-20","5AP01","5AP01","Dhcp",
"10.51.6.2","10.51.0.0","ActiveReservation","b4-79-c8-2e-62-30","5AP02","5AP02","Dhcp",
"10.51.6.3","10.51.0.0","ActiveReservation","b4-79-c8-2e-60-70","5AP03","5AP03","Dhcp",
"10.51.6.4","10.51.0.0","ActiveReservation","b4-79-c8-2e-63-f0","5AP04","5AP04","Dhcp",
"10.51.6.5","10.51.0.0","ActiveReservation","b4-79-c8-2e-53-c0","5AP05","5AP05","Dhcp",
"10.51.6.6","10.51.0.0","ActiveReservation","b4-79-c8-2d-d7-70","5AP06","5AP06","Dhcp",
"10.51.6.7","10.51.0.0","ActiveReservation","b4-79-c8-2e-62-e0","5AP07","5AP07","Dhcp",
"10.51.6.8","10.51.0.0","ActiveReservation","b4-79-c8-2e-58-d0","5AP08","5AP08","Dhcp",
"10.51.6.10","10.51.0.0","ActiveReservation","b4-79-c8-2e-53-b0","5AP10","5AP10","Dhcp",
"10.51.6.11","10.51.0.0","ActiveReservation","b4-79-c8-2e-64-90","5AP11","5AP11","Dhcp",
"10.51.6.13","10.51.0.0","ActiveReservation","b4-79-c8-2c-2d-90","5AP13","5AP13","Dhcp",
"10.51.6.14","10.51.0.0","ActiveReservation","b4-79-c8-2e-62-00","5AP14","5AP14","Dhcp",
"10.51.6.15","10.51.0.0","ActiveReservation","b4-79-c8-2e-64-20","5AP15","5AP15","Dhcp",
"10.51.6.16","10.51.0.0","ActiveReservation","b4-79-c8-2e-64-00","5AP16","5AP16","Dhcp",
"10.51.6.17","10.51.0.0","ActiveReservation","b4-79-c8-2e-61-f0","5AP17","5AP17","Dhcp",
"10.51.6.18","10.51.0.0","ActiveReservation","b4-79-c8-2e-60-e0","5AP18","5AP18","Dhcp",
"10.51.6.19","10.51.0.0","ActiveReservation","b4-79-c8-2e-61-10","5AP19","5AP19","Dhcp",
"10.51.6.20","10.51.0.0","ActiveReservation","b4-79-c8-2e-5d-b0","5AP20","5AP20","Dhcp",
"10.51.6.21","10.51.0.0","ActiveReservation","b4-79-c8-2e-58-90","5AP21","5AP21","Dhcp",
"10.51.6.22","10.51.0.0","ActiveReservation","b4-79-c8-2e-5f-40","5AP22","5AP22","Dhcp",
"10.51.6.23","10.51.0.0","ActiveReservation","b4-79-c8-2e-5e-70","5AP23","5AP23","Dhcp",
"10.51.6.24","10.51.0.0","ActiveReservation","b4-79-c8-2e-56-70","5AP24","5AP24","Dhcp",
"10.51.6.25","10.51.0.0","ActiveReservation","b4-79-c8-2e-60-60","5AP25","5AP25","Dhcp",
"10.51.6.26","10.51.0.0","ActiveReservation","b4-79-c8-2e-62-90","5AP26","5AP26","Dhcp",
"10.51.6.28","10.51.0.0","ActiveReservation","b4-79-c8-2e-5c-f0","5AP28","5AP28","Dhcp",
"10.51.6.29","10.51.0.0","ActiveReservation","b4-79-c8-2e-24-00","5AP29","5AP29","Dhcp",
"10.51.6.30","10.51.0.0","ActiveReservation","b4-79-c8-2e-5f-30","5AP30","5AP30","Dhcp",
"10.51.6.31","10.51.0.0","ActiveReservation","b4-79-c8-2e-59-80","5AP31","5AP31","Dhcp",
"10.51.6.32","10.51.0.0","ActiveReservation","b4-79-c8-2e-5f-10","5AP32","5AP32","Dhcp",
"10.51.6.34","10.51.0.0","ActiveReservation","b4-79-c8-2e-5e-a0","5AP34","5AP34","Dhcp",
"10.51.6.35","10.51.0.0","ActiveReservation","b4-79-c8-2e-64-a0","5AP35","5AP35","Dhcp",
"10.51.6.36","10.51.0.0","ActiveReservation","b4-79-c8-2e-5d-00","5AP36","5AP36","Dhcp",
"10.51.6.37","10.51.0.0","ActiveReservation","b4-79-c8-2e-5e-60","5AP37","5AP37","Dhcp",
"10.51.6.38","10.51.0.0","ActiveReservation","b4-79-c8-2e-63-70","5AP38","5AP38","Dhcp",
"10.51.6.39","10.51.0.0","ActiveReservation","b4-79-c8-2e-5d-f0","5AP39","5AP39","Dhcp",
"10.51.6.40","10.51.0.0","ActiveReservation","b4-79-c8-2e-5d-20","5AP40","5AP40","Dhcp",
"10.51.6.41","10.51.0.0","ActiveReservation","b4-79-c8-2e-62-f0","5AP41","5AP41","Dhcp",
"10.51.6.42","10.51.0.0","ActiveReservation","b4-79-c8-2e-61-90","5AP42","5AP42","Dhcp",
"10.51.6.43","10.51.0.0","ActiveReservation","b4-79-c8-2e-4f-40","5AP43","5AP43","Dhcp",
"10.51.6.45","10.51.0.0","ActiveReservation","b4-79-c8-2e-56-d0","5AP45","5AP45","Dhcp",
"10.51.6.46","10.51.0.0","ActiveReservation","b4-79-c8-2e-5d-90","5AP46","5AP46","Dhcp",
"10.51.6.48","10.51.0.0","ActiveReservation","b4-79-c8-2e-5e-20","5AP48","5AP48","Dhcp",
"10.51.6.49","10.51.0.0","ActiveReservation","b4-79-c8-2e-12-60","5AP49","5AP49","Dhcp",
"10.51.6.50","10.51.0.0","ActiveReservation","b4-79-c8-2e-61-20","5AP50","5AP50","Dhcp",
"10.51.6.51","10.51.0.0","ActiveReservation","b4-79-c8-2e-61-70","5AP51","5AP51","Dhcp",
"10.51.6.52","10.51.0.0","ActiveReservation","b4-79-c8-2e-56-10","5AP52","5AP52","Dhcp",
"10.51.6.53","10.51.0.0","ActiveReservation","b4-79-c8-2e-53-50","5AP53","5AP53","Dhcp",
"10.51.6.54","10.51.0.0","ActiveReservation","b4-79-c8-2e-63-60","5AP54","5AP54","Dhcp",
"10.51.6.55","10.51.0.0","ActiveReservation","b4-79-c8-2e-69-80","5AP55","5AP55","Dhcp",
"10.51.6.56","10.51.0.0","ActiveReservation","b4-79-c8-2e-57-80","5AP56","5AP56","Dhcp",
"10.51.5.100","10.51.0.0","ActiveReservation","00-0c-29-f7-d9-e0","","sysop-csg.atlas.atlascollege.nl","Dhcp",
"10.51.6.9","10.51.0.0","ActiveReservation","b4-79-c8-2e-12-80","5AP09","5AP09","Dhcp",
"10.51.6.12","10.51.0.0","ActiveReservation","b4-79-c8-2e-58-10","5AP12","5AP12","Dhcp",
"10.51.6.27","10.51.0.0","ActiveReservation","b4-79-c8-2e-63-a0","5AP27","5AP27","Dhcp",
"10.51.6.44","10.51.0.0","ActiveReservation","b4-79-c8-2e-53-80","5AP44","5AP44","Dhcp",
"10.51.6.47","10.51.0.0","ActiveReservation","b4-79-c8-2e-52-b0","5AP47","5AP47","Dhcp",
"10.51.1.8","10.51.0.0","ActiveReservation","f4-f2-6d-52-9d-6f","Oud: 647002f8fdf4","VoipBox","Dhcp",
"10.51.1.11","10.51.0.0","ActiveReservation","f4-a9-97-af-ac-66","","CSG-Canon-admin.atlascollege.nl","Both",
"10.51.6.33","10.51.0.0","ActiveReservation","54-ec-2f-16-b9-c0","5AP33","5AP33","Dhcp",
"10.51.1.16","10.51.0.0","ActiveReservation","74-38-b7-ab-78-b7","","CSG-Canon-240.atlascollege.nl","Dhcp",
"10.51.1.13","10.51.0.0","ActiveReservation","74-38-b7-ab-79-ef","","CSG-Canon-130.atlascollege.nl","Dhcp",
"10.56.1.59","10.56.0.0","ActiveReservation","2c-9d-1e-3f-8b-f9","Datalogger_CSG_SOHH","Datalogger_CSG_SOHH","Both",
"10.56.1.55","10.56.0.0","ActiveReservation","98-5d-ad-5b-2a-13","GBS CSG Oudbouw","localhost.atlascollege.nl","Both",
"10.56.1.41","10.56.0.0","InactiveReservation","74-a2-e6-5c-b9-01","GBS CSG Nieuwbouw","GBS CSG Nieuwbouw","Both",
"10.56.1.100","10.56.0.0","ActiveReservation","b8-41-5f-01-e5-7b","Camera1","Camera1","Both",
"10.56.1.101","10.56.0.0","ActiveReservation","b8-41-5f-01-e5-73","Camera2","Camera2","Both",
"10.56.1.102","10.56.0.0","ActiveReservation","b8-41-5f-01-e5-91","Camera3","Camera3","Both",
"10.56.5.100","10.56.0.0","ActiveReservation","b8-27-eb-0c-a9-1c","RasberryPI CSG LO","Gym-Rooster.atlascollege.nl","Dhcp",
"10.56.2.188","10.56.0.0","ActiveReservation","84-9a-40-54-25-a0","Slagboomcam CSG","Slagboomcam CSG","Dhcp",
"10.56.2.218","10.56.0.0","ActiveReservation","00-0c-ab-32-be-58","Slagboom CSG Bediening","ET908H.atlascollege.nl","Dhcp",
"10.56.1.15","10.56.0.0","ActiveReservation","ec-e9-15-00-c0-40","Emizon Smit Elektra","TCD_10-010826-8.atlascollege.nl","Dhcp",
"10.56.1.48","10.56.0.0","ActiveReservation","cb-39-0a-c7-00-02-00-00-ab-11-95-23-76-df-cc-f8-12-35","","informatica-copernicus.atlascollege.nl","Dhcp",
"10.56.1.142","10.56.0.0","ActiveReservation","00-11-62-1e-6a-b7","PrinterProFood Kantine CSG","ProFood Printer","Dhcp",
"10.56.1.50","10.56.0.0","ActiveReservation","60-c7-98-a4-67-c9-00-00-00","Pin 2 Kantine","Pin 2 Kantine","Dhcp",
"10.56.2.165","10.56.0.0","ActiveReservation","60-c7-98-22-d1-b1-00-00-00","Pin 1 Kantine","Pin 1 Kantine","Dhcp",
"10.56.4.105","10.56.0.0","InactiveReservation","00-0a-07-26-02-a2","Brandmelder CSG","Chiron Adapter.atlascollege.nl","Dhcp",
"10.56.1.23","10.56.0.0","ActiveReservation","00-11-78-01-ef-19","Inbraak CSG","Chiron Adapter.atlascollege.nl","Dhcp",
"10.56.5.101","10.56.0.0","ActiveReservation","e4-5f-01-04-b9-07","Raspberry Pi infoschermen leerpleinen","copscherm.atlascollege.nl","Both",
"10.56.5.102","10.56.0.0","ActiveReservation","8c-92-36-01-13-6e","Frankeermachine","Frama CSG","Dhcp",
"10.61.1.12","10.61.0.0","ActiveReservation","60-12-8b-d1-7e-e5","OSG-Canon-Media","OSG-Canon-Media.atlascollege.nl","Both",
"10.61.1.10","10.61.0.0","ActiveReservation","60-12-8b-d1-23-62","OSG-Canon-HG","OSG-Canon-HG.atlascollege.nl","Both",
"10.61.1.11","10.61.0.0","ActiveReservation","60-12-8b-d2-ae-38","OSG-Canon-BK","OSG-Canon-BK.atlascollege.nl","Both",
"10.61.1.14","10.61.0.0","ActiveReservation","60-12-8b-d0-84-46","OSG-Canon-admin","OSG-Canon-admin.atlascollege.nl","Both",
"10.61.1.15","10.61.0.0","ActiveReservation","84-ba-3b-1a-8a-b2","OSG-C750-Repro","OSG-C750-repro.atlascollege.nl","Both",
"10.61.1.16","10.61.0.0","InactiveReservation","60-12-8b-f9-b6-85","CanonPlotter","PRO-4000Sipf9b685.atlascollege.nl","Both",
"10.61.1.42","10.61.0.0","ActiveReservation","50-9a-4c-76-6b-a5","ESXi-OSG","ESXi-OSG","Dhcp",
"10.61.1.5","10.61.0.0","ActiveReservation","ac-5f-3e-a7-53-39","S7-Mvv","S7-MVV.atlascollege.nl","Both",
"10.61.6.1","10.61.0.0","ActiveReservation","b4-79-c8-2e-65-50","6AP01","6AP01","Dhcp",
"10.61.6.2","10.61.0.0","ActiveReservation","b4-79-c8-2e-57-60","6AP02","6AP02","Dhcp",
"10.61.6.3","10.61.0.0","ActiveReservation","b4-79-c8-2e-69-40","6AP03","6AP03","Dhcp",
"10.61.6.4","10.61.0.0","ActiveReservation","b4-79-c8-2e-69-60","6AP04","6AP04","Dhcp",
"10.61.6.5","10.61.0.0","ActiveReservation","b4-79-c8-2e-68-30","6AP05","6AP05","Dhcp",
"10.61.6.6","10.61.0.0","ActiveReservation","b4-79-c8-2e-68-40","6AP06","6AP06","Dhcp",
"10.61.6.7","10.61.0.0","ActiveReservation","b4-79-c8-2e-69-50","6AP07","6AP07","Dhcp",
"10.61.6.8","10.61.0.0","ActiveReservation","b4-79-c8-2e-5b-30","6AP08","6AP08","Dhcp",
"10.61.6.9","10.61.0.0","ActiveReservation","b4-79-c8-2e-64-80","6AP09","6AP09","Dhcp",
"10.61.6.10","10.61.0.0","ActiveReservation","b4-79-c8-2e-68-20","6AP10","6AP10","Dhcp",
"10.61.6.11","10.61.0.0","ActiveReservation","b4-79-c8-2e-69-70","6AP11","6AP11","Dhcp",
"10.61.6.12","10.61.0.0","ActiveReservation","b4-79-c8-2e-69-30","6AP12","6AP12","Dhcp",
"10.61.6.13","10.61.0.0","ActiveReservation","b4-79-c8-2e-63-c0","6AP13","6AP13","Dhcp",
"10.61.6.14","10.61.0.0","ActiveReservation","b4-79-c8-2e-53-e0","6AP14","6AP14","Dhcp",
"10.61.6.15","10.61.0.0","ActiveReservation","b4-79-c8-2e-58-50","6AP15","6AP15","Dhcp",
"10.61.6.16","10.61.0.0","ActiveReservation","b4-79-c8-2e-63-b0","6AP16","6AP16","Dhcp",
"10.61.6.17","10.61.0.0","ActiveReservation","b4-79-c8-2e-52-e0","6AP17","6AP17","Dhcp",
"10.61.6.18","10.61.0.0","ActiveReservation","b4-79-c8-2e-53-f0","6AP18","6AP18","Dhcp",
"10.61.6.19","10.61.0.0","ActiveReservation","b4-79-c8-2e-52-a0","6AP19","6AP19","Dhcp",
"10.61.6.20","10.61.0.0","ActiveReservation","b4-79-c8-2e-60-20","6AP20","6AP20","Dhcp",
"10.61.6.21","10.61.0.0","ActiveReservation","b4-79-c8-2e-12-10","6AP21","6AP21","Dhcp",
"10.61.6.22","10.61.0.0","ActiveReservation","b4-79-c8-2e-58-00","6AP22","6AP22","Dhcp",
"10.61.6.23","10.61.0.0","ActiveReservation","b4-79-c8-2e-55-e0","6AP23","6AP23","Dhcp",
"10.61.6.24","10.61.0.0","ActiveReservation","b4-79-c8-2e-5a-70","6AP24","6AP24","Dhcp",
"10.61.6.25","10.61.0.0","ActiveReservation","b4-79-c8-2e-51-90","6AP25","6AP25","Dhcp",
"10.61.6.26","10.61.0.0","ActiveReservation","b4-79-c8-2e-56-b0","6AP26","6AP26","Dhcp",
"10.61.6.27","10.61.0.0","ActiveReservation","b4-79-c8-2e-57-30","6AP27","6AP27","Dhcp",
"10.61.6.28","10.61.0.0","ActiveReservation","b4-79-c8-2d-d0-80","6AP28","6AP28","Dhcp",
"10.61.6.29","10.61.0.0","ActiveReservation","b4-79-c8-2e-54-e0","6AP29","6AP29","Dhcp",
"10.61.6.30","10.61.0.0","ActiveReservation","b4-79-c8-2e-59-20","6AP30","6AP30","Dhcp",
"10.61.6.31","10.61.0.0","ActiveReservation","b4-79-c8-2e-58-b0","6AP31","6AP31","Dhcp",
"10.61.6.32","10.61.0.0","ActiveReservation","b4-79-c8-2e-12-90","6AP32","6AP32","Dhcp",
"10.61.6.33","10.61.0.0","ActiveReservation","b4-79-c8-2e-55-20","6AP33","6AP33","Dhcp",
"10.61.6.35","10.61.0.0","ActiveReservation","b4-79-c8-2e-25-d0","6AP35","6AP35","Dhcp",
"10.61.6.36","10.61.0.0","ActiveReservation","b4-79-c8-2d-e7-30","6AP36","6AP36","Dhcp",
"10.61.6.37","10.61.0.0","ActiveReservation","b4-79-c8-2e-23-c0","6AP37","6AP37","Dhcp",
"10.61.6.38","10.61.0.0","ActiveReservation","b4-79-c8-2e-12-70","6AP38","6AP38","Dhcp",
"10.61.6.39","10.61.0.0","ActiveReservation","b4-79-c8-2e-13-a0","6AP39","6AP39","Dhcp",
"10.61.6.40","10.61.0.0","ActiveReservation","b4-79-c8-2e-57-10","6AP40","6AP40","Dhcp",
"10.61.6.41","10.61.0.0","ActiveReservation","b4-79-c8-2e-5a-f0","6AP41","6AP41","Dhcp",
"10.61.6.42","10.61.0.0","ActiveReservation","b4-79-c8-2e-5e-c0","6AP42","6AP42","Dhcp",
"10.61.6.43","10.61.0.0","ActiveReservation","b4-79-c8-2e-56-20","6AP43","6AP43","Dhcp",
"10.61.6.44","10.61.0.0","ActiveReservation","b4-79-c8-2e-55-c0","6AP44","6AP44","Dhcp",
"10.61.6.45","10.61.0.0","ActiveReservation","b4-79-c8-2e-59-d0","6AP45","6AP45","Dhcp",
"10.61.6.46","10.61.0.0","ActiveReservation","b4-79-c8-2e-54-30","6AP46","6AP46","Dhcp",
"10.61.6.47","10.61.0.0","ActiveReservation","b4-79-c8-2e-58-40","6AP47","6AP47","Dhcp",
"10.61.6.48","10.61.0.0","ActiveReservation","b4-79-c8-2e-5b-c0","6AP48","6AP48","Dhcp",
"10.61.6.49","10.61.0.0","ActiveReservation","b4-79-c8-2e-10-60","6AP49","6AP49","Dhcp",
"10.61.6.50","10.61.0.0","ActiveReservation","b4-79-c8-2e-5b-50","6AP50","6AP50","Dhcp",
"10.61.6.51","10.61.0.0","ActiveReservation","b4-79-c8-2e-54-50","6AP51","6AP51","Dhcp",
"10.61.6.52","10.61.0.0","ActiveReservation","b4-79-c8-2e-12-20","6AP52","6AP52","Dhcp",
"10.61.6.53","10.61.0.0","ActiveReservation","b4-79-c8-2e-11-a0","6AP53","6AP53","Dhcp",
"10.61.6.54","10.61.0.0","ActiveReservation","b4-79-c8-2e-5f-90","6AP54","6AP54","Dhcp",
"10.61.6.55","10.61.0.0","ActiveReservation","b4-79-c8-2e-24-40","6AP55","6AP55","Dhcp",
"10.61.6.57","10.61.0.0","ActiveReservation","b4-79-c8-2e-58-a0","6AP57","6AP57","Dhcp",
"10.61.6.58","10.61.0.0","ActiveReservation","b4-79-c8-2e-55-50","6AP58","6AP58","Dhcp",
"10.61.6.60","10.61.0.0","ActiveReservation","b4-79-c8-2e-65-f0","6AP60","6AP60","Dhcp",
"10.61.6.61","10.61.0.0","ActiveReservation","b4-79-c8-2e-58-20","6AP61","6AP61","Dhcp",
"10.61.6.62","10.61.0.0","ActiveReservation","b4-79-c8-2e-51-60","6AP62","6AP62","Dhcp",
"10.61.6.63","10.61.0.0","ActiveReservation","b4-79-c8-2e-23-e0","6AP63","6AP63","Dhcp",
"10.61.6.64","10.61.0.0","ActiveReservation","b4-79-c8-2e-56-c0","6AP64","6AP64","Dhcp",
"10.61.6.65","10.61.0.0","ActiveReservation","b4-79-c8-2e-56-f0","6AP65","6AP65","Dhcp",
"10.61.6.66","10.61.0.0","ActiveReservation","b4-79-c8-2e-59-70","6AP66","6AP66","Dhcp",
"10.61.6.67","10.61.0.0","ActiveReservation","b4-79-c8-2e-54-60","6AP67","6AP67","Dhcp",
"10.61.6.68","10.61.0.0","ActiveReservation","b4-79-c8-2e-12-30","6AP68","6AP68","Dhcp",
"10.61.5.100","10.61.0.0","ActiveReservation","00-0c-29-e2-58-39","","sysop-osg.atlas.atlascollege.nl","Dhcp",
"10.61.6.56","10.61.0.0","ActiveReservation","b4-79-c8-2e-57-d0","6AP56","6AP56","Dhcp",
"10.61.6.59","10.61.0.0","ActiveReservation","b4-79-c8-2e-56-e0","6AP59","6AP59","Dhcp",
"10.61.6.69","10.61.0.0","ActiveReservation","c8-08-73-37-e4-d0","6AP69","6AP69","Dhcp",
"10.61.1.44","10.61.0.0","ActiveReservation","f4-f2-6d-52-9d-6b","","VoiP box OSG","Dhcp",
"10.61.1.13","10.61.0.0","ActiveReservation","f4-a9-97-af-bf-f6","OSG-Canon-Nood","OSG-Canon-Nood.atlascollege.nl","Dhcp",
"10.61.6.34","10.61.0.0","ActiveReservation","b4-79-c8-2e-11-e0","6AP34","6AP34","Dhcp",
"10.62.1.96","10.62.0.0","ActiveReservation","00-11-e5-03-b9-13","","Dymo-OSG-Admin.atlascollege.nl","Dhcp",
"10.62.1.48","10.62.0.0","ActiveReservation","00-21-b7-81-7a-07","","ToetsWeek.atlascollege.nl","Dhcp",
"10.66.1.1","10.66.0.0","ActiveReservation","00-11-78-03-74-37","InbraakOSG","Chiron Adapter.atlascollege.nl","Both",
"10.66.1.2","10.66.0.0","ActiveReservation","2c-9d-1e-3f-8b-d9","dataloggerOSG","DataloggerOSG","Both",
"10.66.1.8","10.66.0.0","ActiveReservation","00-1b-9c-09-1e-8d","AlarmOSG Satel","AlarmOSG Satel","Dhcp",
"10.66.2.231","10.66.0.0","InactiveReservation","60-c7-98-8a-df-bf","Pin Kantine","Pin Kantine","Dhcp",
"10.66.1.3","10.66.0.0","ActiveReservation","60-c7-98-8a-df-bd","Pin Kantine","Pin Kantine","Both",
"10.66.3.110","10.66.0.0","ActiveReservation","00-c0-a2-02-8e-23","Secomea GBS","OSG.West.Friesland-OSGWFHRN","Dhcp",
"10.66.4.2","10.66.0.0","InactiveReservation","14-a7-8b-da-1c-8e","","NVR_Hoofdgebouw.atlascollege.nl","Dhcp",
"10.66.1.157","10.66.0.0","ActiveReservation","b8-e5-89-00-58-f0","Cola automaat","P6X20184800149.atlas.atlascollege.nl","Dhcp",
"10.66.2.226","10.66.0.0","ActiveReservation","b8-e5-89-00-6c-39","KoffieAutomaat OSG","P6X20192700031.atlas.atlascollege.nl","Dhcp",
"10.66.2.168","10.66.0.0","ActiveReservation","98-7e-46-00-31-14","Alarm OSG HG","TCD_08-012553-6.atlas.atlascollege.nl","Dhcp",
"10.66.4.95","10.66.0.0","ActiveReservation","8c-92-36-02-93-b4","frama","frama","Dhcp",
"10.81.1.13","10.81.0.0","ActiveReservation","60-12-8b-d3-c5-99","TRI-Canon-C013","TRI-Canon-C013.atlascollege.nl","Both",
"10.81.1.12","10.81.0.0","ActiveReservation","60-12-8b-d1-23-72","TRI-Canon-F107","TRI-Canon-F107.atlascollege.nl","Both",
"10.81.1.11","10.81.0.0","ActiveReservation","60-12-8b-d2-2e-ad","TRI-Canon-G108","TRI-Canon-G108.atlascollege.nl","Both",
"10.81.1.15","10.81.0.0","ActiveReservation","00-11-e5-03-b9-0a","Dymo_Admin_TRI","dymo-tri-admin.atlascollege.nl","Both",
"10.81.5.2","10.81.0.0","ActiveReservation","08-7d-21-00-ea-b0","TriadeCamera(Nuovo)","TriadeCamera(Nuovo)","Both",
"10.81.1.3","10.81.0.0","ActiveReservation","50-9a-4c-76-6c-69","ESXi-TRI","ESXi-TRI","Dhcp",
"10.81.6.1","10.81.0.0","ActiveReservation","b4-79-c8-2e-53-30","8AP01","8AP01","Dhcp",
"10.81.6.2","10.81.0.0","ActiveReservation","b4-79-c8-2e-5e-f0","8AP02","8AP02","Dhcp",
"10.81.6.3","10.81.0.0","ActiveReservation","b4-79-c8-2e-13-d0","8AP03","8AP03","Dhcp",
"10.81.6.4","10.81.0.0","ActiveReservation","b4-79-c8-2e-12-d0","8AP04","8AP04","Dhcp",
"10.81.6.5","10.81.0.0","ActiveReservation","b4-79-c8-2e-59-b0","8AP05","8AP05","Dhcp",
"10.81.6.6","10.81.0.0","ActiveReservation","b4-79-c8-2e-57-20","8AP06","8AP06","Dhcp",
"10.81.6.7","10.81.0.0","ActiveReservation","b4-79-c8-2e-60-50","8AP07","8AP07","Dhcp",
"10.81.6.8","10.81.0.0","ActiveReservation","b4-79-c8-2d-d9-50","8AP08","8AP08","Dhcp",
"10.81.6.9","10.81.0.0","ActiveReservation","b4-79-c8-2e-60-30","8AP09","8AP09","Dhcp",
"10.81.6.10","10.81.0.0","ActiveReservation","b4-79-c8-2e-62-10","8AP10","8AP10","Dhcp",
"10.81.6.11","10.81.0.0","ActiveReservation","b4-79-c8-2e-62-50","8AP11","8AP11","Dhcp",
"10.81.6.12","10.81.0.0","ActiveReservation","b4-79-c8-2e-61-80","8AP12","8AP12","Dhcp",
"10.81.6.13","10.81.0.0","ActiveReservation","b4-79-c8-2e-5f-e0","8AP13","8AP13","Dhcp",
"10.81.6.14","10.81.0.0","ActiveReservation","b4-79-c8-2e-5f-70","8AP14","8AP14","Dhcp",
"10.81.6.15","10.81.0.0","ActiveReservation","b4-79-c8-2e-60-10","8AP15","8AP15","Dhcp",
"10.81.6.16","10.81.0.0","ActiveReservation","b4-79-c8-2e-60-c0","8AP16","8AP16","Dhcp",
"10.81.6.17","10.81.0.0","ActiveReservation","b4-79-c8-2e-11-80","8AP17","8AP17","Dhcp",
"10.81.6.18","10.81.0.0","ActiveReservation","b4-79-c8-2e-5f-f0","8AP18","8AP18","Dhcp",
"10.81.6.19","10.81.0.0","ActiveReservation","b4-79-c8-2e-5b-90","8AP19","8AP19","Dhcp",
"10.81.6.20","10.81.0.0","ActiveReservation","b4-79-c8-2e-5e-d0","8AP20","8AP20","Dhcp",
"10.81.6.21","10.81.0.0","ActiveReservation","b4-79-c8-2e-63-00","8AP21","8AP21","Dhcp",
"10.81.6.22","10.81.0.0","ActiveReservation","b4-79-c8-2e-5a-80","8AP22","8AP22","Dhcp",
"10.81.6.23","10.81.0.0","ActiveReservation","b4-79-c8-2e-61-e0","8AP23","8AP23","Dhcp",
"10.81.6.24","10.81.0.0","ActiveReservation","b4-79-c8-2e-56-80","8AP24","8AP24","Dhcp",
"10.81.6.25","10.81.0.0","ActiveReservation","b4-79-c8-2d-dd-b0","8AP25","8AP25","Dhcp",
"10.81.6.27","10.81.0.0","ActiveReservation","b4-79-c8-2e-5d-10","8AP27","8AP27","Dhcp",
"10.81.6.28","10.81.0.0","ActiveReservation","b4-79-c8-2e-50-60","8AP28","8AP28","Dhcp",
"10.81.6.29","10.81.0.0","ActiveReservation","b4-79-c8-2e-5a-d0","8AP29","8AP29","Dhcp",
"10.81.6.30","10.81.0.0","ActiveReservation","b4-79-c8-2e-64-e0","8AP30","8AP30","Dhcp",
"10.81.6.31","10.81.0.0","ActiveReservation","b4-79-c8-2e-64-60","8AP31","8AP31","Dhcp",
"10.81.6.32","10.81.0.0","ActiveReservation","b4-79-c8-2e-58-e0","8AP32","8AP32","Dhcp",
"10.81.6.33","10.81.0.0","ActiveReservation","b4-79-c8-2e-60-d0","8AP33","8AP33","Dhcp",
"10.81.6.34","10.81.0.0","ActiveReservation","b4-79-c8-2e-63-80","8AP34","8AP34","Dhcp",
"10.81.6.35","10.81.0.0","ActiveReservation","b4-79-c8-2e-62-70","8AP35","8AP35","Dhcp",
"10.81.6.36","10.81.0.0","ActiveReservation","b4-79-c8-2e-59-c0","8AP36","8AP36","Dhcp",
"10.81.6.37","10.81.0.0","ActiveReservation","b4-79-c8-2e-57-f0","8AP37","8AP37","Dhcp",
"10.81.6.38","10.81.0.0","ActiveReservation","b4-79-c8-2e-65-70","8AP38","8AP38","Dhcp",
"10.81.6.39","10.81.0.0","ActiveReservation","b4-79-c8-2e-5b-10","8AP39","8AP39","Dhcp",
"10.81.6.40","10.81.0.0","ActiveReservation","b4-79-c8-2e-5b-b0","8AP40","8AP40","Dhcp",
"10.81.6.41","10.81.0.0","ActiveReservation","b4-79-c8-2e-5a-40","8AP41","8AP41","Dhcp",
"10.81.6.43","10.81.0.0","ActiveReservation","b4-79-c8-2e-61-50","8AP43","8AP43","Dhcp",
"10.81.6.44","10.81.0.0","ActiveReservation","b4-79-c8-2e-12-c0","8AP44","8AP44","Dhcp",
"10.81.5.100","10.81.0.0","ActiveReservation","00-0c-29-e2-58-39","","sysop-tri.atlas.atlascollege.nl","Dhcp",
"10.81.6.42","10.81.0.0","ActiveReservation","c8-08-73-37-e7-b0","8AP42","8AP42","Dhcp",
"10.81.6.26","10.81.0.0","ActiveReservation","c8-08-73-37-96-50","8AP26","8AP26","Dhcp",
"10.81.1.6","10.81.0.0","ActiveReservation","f4-f2-6d-22-9a-47","","VoiP Box","Dhcp",
"10.81.1.14","10.81.0.0","ActiveReservation","74-bf-c0-64-cc-b8","","TRI-Canon-A007.atlascollege.nl","Dhcp",
"10.81.1.10","10.81.0.0","ActiveReservation","f4-a9-97-af-af-95","TRI-Canon-B002","TRI-Canon-B002.atlascollege.nl","Both",
"10.86.5.1","10.86.0.0","InactiveReservation","00-c0-7a-01-09-a4","Priva","Priva","Both",
"10.86.1.4","10.86.0.0","InactiveReservation","98-7e-46-00-2e-69","Tri Emizon Alarm","Emizon Alarm","Both",
"10.86.1.136","10.86.0.0","ActiveReservation","4c-ed-fb-95-4c-37","LasSimulator LeenVersie","ESS00002515.atlascollege.nl","Dhcp",
"10.86.5.2","10.86.0.0","ActiveReservation","8c-92-36-01-cf-ca","Frama Triade","Frama Triade","Dhcp",
"10.86.5.3","10.86.0.0","InactiveReservation","a8-10-87-b0-db-fc","ToonGenerator Triade (Vast IP, niet DHCP)","ToonGenerator Triade (Vast IP, niet DHCP)","Dhcp",
"10.86.5.6","10.86.0.0","ActiveReservation","24-e1-24-f5-41-9c","gateway 2 airteq H106","GATEWAY.atlascollege.nl","Dhcp",
"10.86.5.5","10.86.0.0","ActiveReservation","24-e1-24-f5-41-22","LoRaWan CO2 Airteq PK3","GATEWAY.atlascollege.nl","Dhcp",
"10.91.1.31","10.91.0.0","ActiveReservation","50-9a-4c-76-6b-c9","ESXi-ASC","ESXi-ASC","Dhcp",
"10.91.1.2","10.91.0.0","ActiveReservation","8c-ec-4b-54-74-9b","","sysop-4.atlascollege.nl","Dhcp",
"10.91.1.6","10.91.0.0","ActiveReservation","8c-ec-4b-54-74-c2","","SYSOP-1.atlas.atlascollege.nl","Dhcp",
"10.91.1.12","10.91.0.0","ActiveReservation","8c-ec-4b-54-74-7c","","sysop-6vast.atlas.atlascollege.nl","Dhcp",
"10.91.1.7","10.91.0.0","ActiveReservation","8c-ec-4b-54-74-58","","sysop-2.atlas.atlascollege.nl","Dhcp",
"10.91.1.18","10.91.0.0","ActiveReservation","8c-ec-4b-54-74-cc","","SYSOP-5.atlas.atlascollege.nl","Dhcp",
"10.91.1.4","10.91.0.0","ActiveReservation","24-92-0e-70-f1-0a","","Galaxy-A5-2017.atlascollege.nl","Dhcp",
"10.91.6.1","10.91.0.0","ActiveReservation","b4-79-c8-2e-6a-c0","9AP01","9AP01","Dhcp",
"10.91.6.2","10.91.0.0","ActiveReservation","b4-79-c8-2e-68-50","9AP02","9AP02","Dhcp",
"10.91.6.3","10.91.0.0","ActiveReservation","b4-79-c8-2e-65-80","9AP03","9AP03","Dhcp",
"10.91.6.4","10.91.0.0","ActiveReservation","b4-79-c8-2e-6a-00","9AP04","9AP04","Dhcp",
"10.91.6.5","10.91.0.0","ActiveReservation","b4-79-c8-2e-69-d0","9AP05","9AP05","Dhcp",
"10.91.6.6","10.91.0.0","ActiveReservation","b4-79-c8-2e-6a-90","9AP06","9AP06","Dhcp",
"10.91.6.7","10.91.0.0","ActiveReservation","b4-79-c8-2e-69-b0","9AP07","9AP07","Dhcp",
"10.91.6.8","10.91.0.0","ActiveReservation","b4-79-c8-2e-6a-d0","9AP08","9AP08","Dhcp",
"10.91.1.13","10.91.0.0","ActiveReservation","b8-ac-6f-a7-8d-4e","Status-Monitor","Status-Monitor.atlascollege.nl","Dhcp",
"10.91.5.100","10.91.0.0","ActiveReservation","00-0c-29-36-86-66","sysop-asc","sysop-asc.atlas.atlascollege.nl","Dhcp",
"10.91.1.22","10.91.0.0","ActiveReservation","f4-f2-6d-22-90-c9","","VoIP box ASC","Dhcp",
"10.91.1.1","10.91.0.0","ActiveReservation","7c-50-79-65-f0-db","lt-pkn","DESKTOP-IO90BDK.atlascollege.nl","Both",
"10.91.1.11","10.91.0.0","ActiveReservation","f4-a9-97-af-94-dd","","ASC-Canon-Gang.atlascollege.nl","Dhcp",
"10.91.1.14","10.91.0.0","ActiveReservation","04-ed-33-c0-15-f7","","laptop-knf.atlascollege.nl","Dhcp",
"10.91.1.20","10.91.0.0","ActiveReservation","34-c9-3d-a0-16-6c","","LT-HENK.atlascollege.nl","Dhcp",
"10.91.6.9","10.91.0.0","ActiveReservation","b4-79-c8-2e-53-90","test-ap-cvb","test-ap-cvb","Dhcp",
"10.91.1.9","10.91.0.0","ActiveReservation","4c-77-cb-0c-90-1d","","lt-mvv-9510.atlascollege.nl","Dhcp",
"10.91.1.15","10.91.0.0","ActiveReservation","06-7a-96-85-f4-34","","S20-FE-van-Peter.atlascollege.nl","Dhcp",
"10.91.1.5","10.91.0.0","ActiveReservation","ee-3c-27-85-9e-30","S22-mvv","S22-van-Marcel.atlascollege.nl","Dhcp",
"10.92.1.6","10.92.0.0","ActiveReservation","60-12-8b-d2-33-2d","","ASC-Canon-Gang.atlas.atlascollege.nl","Dhcp",
"10.92.1.11","10.92.0.0","InactiveReservation","00-11-e5-03-b9-0f","Static Dymo SEC","Static Dymo SEC","Both",
"10.92.1.20","10.92.0.0","InactiveReservation","00-11-e5-03-9e-6f","Static-ASC-Dymo-PZ","Static-ASC-Dymo-PZ","Dhcp",
"10.96.5.1","10.96.0.0","ActiveReservation","00-1b-9c-09-78-72","ASC Alarm","ASC Alarm","Dhcp",
